# Redirects from what the browser requests to what we serve
# https://www.netlify.com/docs/redirects/

/atom.xml /feed.xml
/files/rriemann.asc /assets/files/rriemann.asc

/resume.pdf https://people.physik.hu-berlin.de/~rriemann/share/cv-rriemann.pdf 200

/files/ https://people.physik.hu-berlin.de/~rriemann/ 302!
/files/* https://people.physik.hu-berlin.de/~rriemann/:splat 302

# Proxying piwik
/piwik/* https://rriemann.rigel.uberspace.de/piwik/:splat 200


# Travels (301 redirect)
/2015/07/08/stories-from-berlin-at-the-beach-bar-in-berlin-mitte/ /travels/2015/07/08/stories-from-berlin-at-the-beach-bar-in-berlin-mitte/
/2015/07/08/impressions-from-romania/ /travels/2015/07/08/impressions-from-romania/
/2015/02/16/raucher-im-verkehr/ /travels/2015/02/16/raucher-im-verkehr/
/2013/12/29/von-oaxaca-nach-puebla/ /travels/2013/12/29/von-oaxaca-nach-puebla/
/2013/12/01/szene-sauna-in-marseille/ /travels/2013/12/01/szene-sauna-in-marseille/
/2013/07/19/ein-toller-tag-in-chiapas-mexiko/ /travels/2013/07/19/ein-toller-tag-in-chiapas-mexiko/
/2013/07/10/antigua-guatemala/ /travels/2013/07/10/antigua-guatemala/
/2013/07/04/costa-rica-nicaragua-honduras/ /travels/2013/07/04/costa-rica-nicaragua-honduras/
/2013/06/19/oh-wie-cool-ist-panama/ /travels/2013/06/19/oh-wie-cool-ist-panama/
/2013/06/16/2-wochen-in-miami/ /travels/2013/06/16/2-wochen-in-miami/
/2013/06/09/tango_chor_konzerte_guadeloupe/ /travels/2013/06/09/tango_chor_konzerte_guadeloupe/
/2013/06/06/25-jahre-robert-aufbruch-zu-neuem/ /travels/2013/06/06/25-jahre-robert-aufbruch-zu-neuem/
/2013/06/04/das-karibische-meer-unterwasser/ /travels/2013/06/04/das-karibische-meer-unterwasser/
/2013/05/26/festival-terre-de-blues/ /travels/2013/05/26/festival-terre-de-blues/
/2013/05/15/das-karibische-meer/ /travels/2013/05/15/das-karibische-meer/
/2013/05/09/i-am-going-to-miami/ /travels/2013/05/09/i-am-going-to-miami/
/2013/05/08/was-sonst-noch-geschah/ /travels/2013/05/08/was-sonst-noch-geschah/
/2013/04/29/waserfaelle-und-vulkan-in-basse-terre/ /travels/2013/04/29/waserfaelle-und-vulkan-in-basse-terre/
/2013/04/17/streetview-basse-terre/ /travels/2013/04/17/streetview-basse-terre/
/2013/04/17/chatroulette/ /travels/2013/04/17/chatroulette/
/2013/04/14/speisen-und-trinken-in-gwada-1/ /travels/2013/04/14/speisen-und-trinken-in-gwada-1/
/2013/04/11/verkehr-in-guadeloupe/ /travels/2013/04/11/verkehr-in-guadeloupe/
/2013/04/09/checkin_guadeloupe/ /travels/2013/04/09/checkin_guadeloupe/

# Digitalisation (301 redirect)
/2016/01/24/mailing-list-2-0-discourse/ /digitalisation/2016/01/24/mailing-list-2-0-discourse/
/2015/11/01/startup-hency-i-dont-like-it/ /digitalisation/2015/11/01/startup-hency-i-dont-like-it/
/2015/08/08/social-media-spam-scam/ /digitalisation/2015/08/08/social-media-spam-scam/
/2015/04/21/meus-follow-up-google-is-evil/ /digitalisation/2015/04/21/meus-follow-up-google-is-evil/
/2015/03/03/open-letter-to-beta-ev/ /digitalisation/2015/03/03/open-letter-to-beta-ev/
/2014/11/10/l-universite-ideale-mooc/ /digitalisation/2014/11/10/l-universite-ideale-mooc/
/2014/05/08/questionable-wikistage/ /digitalisation/2014/05/08/questionable-wikistage/
/2014/03/19/cebit-awards-offline-surveillance-startup-viewsy/ /digitalisation/2014/03/19/cebit-awards-offline-surveillance-startup-viewsy/
/2013/07/06/zur-allgemeinen-lage-der-sicherheit/ /digitalisation/2013/07/06/zur-allgemeinen-lage-der-sicherheit/
